doc_id,file_path,title,source_url,retrieved_at,document_version,license_or_permission
buyer-refund-timeline,data/ecommerce/buyer-refund-timeline.md,Thời gian nhận tiền hoàn và cách kiểm tra tiền hoàn,https://help.shopee.vn/portal/4/article/189473-[Tr%E1%BA%A3-h%C3%A0ng/-Ho%C3%A0n-ti%E1%BB%81n]-Th%E1%BB%9Di-gian-nh%E1%BA%ADn-ti%E1%BB%81n-ho%C3%A0n-v%C3%A0-c%E1%BB%A1ch-ki%E1%BB%83m-tra-ti%E1%BB%81n-ho%C3%A0n,2026-08-03,not-stated,public-help-page-manual-summary
buyer-return-eligibility,data/ecommerce/buyer-return-eligibility.md,Những quy định chung về Trả hàng/Hoàn tiền của Shopee,https://help.shopee.vn/portal/4/article/188931-[Tr%E1%BA%A3-h%C3%A0ng/Ho%C3%A0n-ti%E1%BB%81n]-Nh%E1%BB%AFng-quy-%C4%91%E1%BB%8Bnh-chung-v%E1%BB%81-Tr%E1%BA%A3-h%C3%A0ng/Ho%C3%A0n-ti%E1%BB%81n-c%E1%BB%A7a-Shopee,2026-08-03,not-stated,public-help-page-manual-summary
buyer-return-process,data/ecommerce/buyer-return-process.md,Quy trình Shopee xử lý yêu cầu Trả hàng/Hoàn tiền,https://help.shopee.vn/portal/4/article/190242-[Tr%E1%BA%A3-h%C3%A0ng/-Ho%C3%A0n-ti%E1%BB%81n]-Quy-tr%C3%ACnh-Shopee-x%E1%BB%AD-l%C3%BD-y%C3%AAu-c%E1%BA%A7u-Tr%E1%BA%A3-h%C3%A0ng/-Ho%C3%A0n-ti%E1%BB%81n,2026-08-03,not-stated,public-help-page-manual-summary
buyer-return-shipping,data/ecommerce/buyer-return-shipping.md,Các phương thức gửi hàng hoàn trả và phí hoàn trả,https://help.shopee.vn/portal/4/article/189477-[Tr%E1%BA%A3-h%C3%A0ng/-Ho%C3%A0n-ti%E1%BB%81n]-C%C3%A1c-ph%C6%B0%C6%A1ng-th%E1%BB%A9c-g%E1%BB%ADi-h%C3%A0ng-ho%C3%A0n-tr%E1%BA%A3-v%C3%A0-ph%C3%AD-ho%C3%A0n-tr%E1%BA%A3,2026-08-03,not-stated,public-help-page-manual-summary
return-refund-policy,data/ecommerce/return-refund-policy.md,Chính sách Trả hàng và Hoàn tiền,https://help.shopee.vn/portal/4/article/77251-CH%C3%8DNH-S%C3%81CH-TR%E1%BA%A2-H%C3%80NG-V%C3%80-HO%C3%80N-TI%E1%BB%80N,2026-08-03,2026-03-11,public-help-page-manual-summary
seller-refund-appeal,data/ecommerce/seller-refund-appeal.md,Hướng dẫn Người bán khiếu nại yêu cầu Trả hàng/Hoàn tiền của Shopee,https://banhang.shopee.vn/edu/article/3647,2026-08-03,2025-11-03,public-help-page-manual-summary
seller-return-evidence,data/ecommerce/seller-return-evidence.md,Mẹo cung cấp bằng chứng khiếu nại Trả hàng/Hoàn tiền giúp Người bán tăng cơ hội thành công,https://banhang.shopee.vn/edu/article/25057,2026-08-03,2025-06-02,public-help-page-manual-summary
seller-return-process,data/ecommerce/seller-return-process.md,Quy trình Trả hàng/Hoàn tiền dành cho Người bán,https://banhang.shopee.vn/edu/article/563,2026-08-03,not-stated,public-help-page-manual-summary
seller-warranty-policy,data/ecommerce/seller-warranty-policy.md,Chính sách bảo hành dành cho người bán,https://example.com/policy/seller-warranty,2026-09-18,not-stated,public-source
